{
    "cv_results": {
        "LogisticRegression": 0.9737166164872209,
        "RandomForest": 0.9553183272254524,
        "XGBoost": 0.9903865826187431,
        "LightGBM": 0.9779152635918724,
        "MLP": 0.8275641906420225
    },
    "test_score": 0.9771649081672529
}